No,Título de la página de origen,URL de origen,URL de destino,Domain Authority,Page Authority,Spam Score,Anchor Text,Primer vista,Última vista
1,"-","https://vipan.xyz/music/best-of-chillstep-mix-2018","https://estimescafe.com/",9,16,78,"vipan.xyz","2021-11-17","2021-11-17"
2,"-","https://www.usaclip.xyz/watch/u5RwWY8fCXE","https://estimescafe.com/",9,14,76,"www.usaclip.xyz","2021-10-30","2021-10-30"
3,"Where to buy 🚀 aged domains and backlinks 🔥 from www.queries.co.in| 6321-1311","https://www.queries.co.in/page-a632eda11311e39f09bd95b9fb3183d4.html","https://estimescafe.com/",4,12,73,"estimescafe.com","2026-04-09","2026-04-09"
4,"-","https://gigsa.xyz/squire-clam.html","https://estimescafe.com/",11,16,70,"gigsa.xyz","2021-11-05","2021-11-05"
5,"-","https://www.italyyt.xyz/watch/PDLgbV7ZPUA","https://estimescafe.com/",12,17,67,"www.italyyt.xyz","2021-10-15","2021-10-15"
6,"Where to buy 🚀 aged domains and backlinks 🔥 from www.tyres.pro| 6321-1311","https://www.tyres.pro/page-a632eda11311e39f09bd95b9fb3183d4.html","https://estimescafe.com/",7,13,62,"estimescafe.com","2026-07-17","2026-07-17"
7,"-","https://soundflare.xyz/play/musa-video.html","https://estimescafe.com/",60,20,61,"soundflare.xyz","2021-11-11","2021-11-11"
8,"Expert SEO Backlink Building Services for Websites Looking to Increase Search Rankings, Build Domain Authority, and Attract More Organic Visitors - Page 67,154","https://super-seotools.com/dir/professional-backlink-building-67154","https://estimescafe.com/",5,19,61,"professional estimescafe.com seo backlinks for stronger website authority","2026-09-26","2026-09-26"
9,"-","https://www.aminashop.xyz/audi-oem-0912-a4-quattro-20ll4-radiatorair-duct-left-8k0121283k-p-15706.html","https://estimescafe.com/",5,11,60,"www.aminashop.xyz","2021-10-18","2021-10-18"
10,"seo domain research","https://wants.cfd/domain/domain/part/80459/lan/en","https://estimescafe.com/",14,17,47,"estimescafe.com","2026-08-31","2026-08-31"
11,"Expert SEO Backlink Building Services for Websites Looking to Increase Search Rankings, Build Domain Authority, and Attract More Organic Visitors - Page 67,154","https://highquality-seo.com/dir/professional-backlink-building-67154","https://estimescafe.com/",6,19,46,"professional estimescafe.com seo backlinks for stronger website authority","2026-09-20","2026-09-20"
12,"-","https://news.haitibeat.com/haitian-cuisine-at-estimes-cafe-in-colonia-jerseybites/?wcExternalLoginAction=fb&nonce=f1b564ae84","https://www.estimescafe.com/",13,18,41,"estimescafe.com","2023-02-05","2023-02-05"
13,"Where to buy 🚀 aged domains and backlinks 🔥 from www.gamerkun.com| 6321-1311","https://www.gamerkun.com/page-a632eda11311e39f09bd95b9fb3183d4.html","https://estimescafe.com/",28,19,39,"estimescafe.com","2026-07-28","2026-08-03"
14,"-","https://www.keyfora.com/search/estime&sens","https://www.estimescafe.com/",37,28,38,"-","2021-09-16","2021-09-16"
15,"-","https://www.nichesitemastery.com/search/erstime","https://www.estimescafe.com/",30,29,29,"-","2022-05-01","2022-05-01"
16,"🏆🏆Boost your Google rankings with Premium PBN & Link Building🏆🏆","https://onvaxs.com/all/991/10.html","https://estimescafe.com/",50,19,23,"high quality dofollow backlinks da 50 pa 40 premium pbn network service estimescafe.com rank first page google fast seo link building buy backlinks online cheap","2026-08-17","2026-08-17"
17,"ESTIME'S CAFE Woodbridge Township","https://mymenuweb.com/us/restaurants/1490411/","https://www.estimescafe.com/",33,25,23,"http://www.estimescafe.com/","2024-10-28","2026-09-16"
18,"-","https://xioque.com/es-es/estime-s-cafe-102617/","https://www.estimescafe.com/",6,12,22,"ir al website de estime s cafe","2024-08-21","2024-11-26"
19,"🏆🏆Boost your Google rankings with Premium PBN & Link Building🏆🏆","https://www.chordmp3.net/all/990/13.html","https://estimescafe.com/",58,19,21,"high quality dofollow backlinks da 50 pa 40 premium pbn network service estimescafe.com rank first page google fast seo link building buy backlinks online cheap","2026-07-07","2026-07-07"
20,"🏆🏆Boost your Google rankings with Premium PBN & Link Building🏆🏆","https://clifflisting.com/all/991/10.html","https://estimescafe.com/",52,18,20,"high quality dofollow backlinks da 50 pa 40 premium pbn network service estimescafe.com rank first page google fast seo link building buy backlinks online cheap","2026-08-15","2026-08-15"
21,"🏆🏆Boost your Google rankings with Premium PBN & Link Building🏆🏆","https://www.aloysionunes.com/all/991/10.html","https://estimescafe.com/",42,20,18,"high quality dofollow backlinks da 50 pa 40 premium pbn network service estimescafe.com rank first page google fast seo link building buy backlinks online cheap","2026-09-17","2026-09-17"
22,"-","https://food96.com/place/estimes-cafe","https://estimescafe.com/",25,25,17,"website","2024-09-18","2024-09-18"
23,"-","https://www.checkle.com/biz/estimes-cafe-colonia","https://www.estimescafe.com/",24,26,16,"website","2024-06-06","2025-03-30"
24,"-","https://sisgroup.lk/quarterlinks-dofollow-article-links-just-for-25-5967/","https://www.estimescafe.com/",19,21,16,"our telegram chanel https://t.me/s/quarterlinks25","2026-02-23","2026-02-23"
25,"Domains on ip 107.180.3.34","https://domains.tntcode.com/ip/107.180.3.34","https://estimescafe.com/",62,30,15,"-","2025-02-19","2026-09-05"
26,"🏆🏆Boost your Google rankings with Premium PBN & Link Building🏆🏆","https://bestnz-poker-casinoslot.com/all/991/10.html","https://estimescafe.com/",53,22,15,"high quality dofollow backlinks da 50 pa 40 premium pbn network service estimescafe.com rank first page google fast seo link building buy backlinks online cheap","2026-08-20","2026-08-20"
27,"✅ Website Stats 📊","https://blogsphere.top/stats/3390","https://estimescafe.com/",13,17,15,"estimescafe.com","2026-06-14","2026-06-14"
28,"❤️ URL Shared ❤️","https://buzzshrink.website/share/3389","https://estimescafe.com/",8,21,15,"estimescafe.com","2026-04-08","2026-08-04"
29,"🏆🏆Boost your Google rankings with Premium PBN & Link Building🏆🏆","https://fletcherrld.com/all/991/10.html","https://estimescafe.com/",55,20,14,"high quality dofollow backlinks da 50 pa 40 premium pbn network service estimescafe.com rank first page google fast seo link building buy backlinks online cheap","2026-08-19","2026-08-19"
30,"🏆🏆Boost your Google rankings with Premium PBN & Link Building🏆🏆","https://casinooftheking.com/all/991/10.html","https://estimescafe.com/",54,20,14,"high quality dofollow backlinks da 50 pa 40 premium pbn network service estimescafe.com rank first page google fast seo link building buy backlinks online cheap","2026-08-22","2026-08-22"
31,"🏆🏆Boost your Google rankings with Premium PBN & Link Building🏆🏆","https://masihnyata.com/all/991/10.html","https://estimescafe.com/",54,19,14,"high quality dofollow backlinks da 50 pa 40 premium pbn network service estimescafe.com rank first page google fast seo link building buy backlinks online cheap","2026-08-14","2026-08-14"
32,"Espressions Cafe Menu - East Phoenix","https://www.eastphoenixau.com/e-pages/espressions-cafe-menu.html","https://www.estimescafe.com/menus-1",9,21,14,"menu estime's cafe","2022-11-25","2026-08-21"
33,"🏆🏆Boost your Google rankings with Premium PBN & Link Building🏆🏆","https://sahammurah.com/all/991/10.html","https://estimescafe.com/",59,20,13,"high quality dofollow backlinks da 50 pa 40 premium pbn network service estimescafe.com rank first page google fast seo link building buy backlinks online cheap","2026-09-10","2026-09-10"
34,"🏆🏆Boost your Google rankings with Premium PBN & Link Building🏆🏆","https://coruzants.com/all/991/10.html","https://estimescafe.com/",55,14,13,"high quality dofollow backlinks da 50 pa 40 premium pbn network service estimescafe.com rank first page google fast seo link building buy backlinks online cheap","2026-09-04","2026-09-04"
35,"🏆🏆Boost your Google rankings with Premium PBN & Link Building🏆🏆","https://phanerosart.com/all/991/10.html","https://estimescafe.com/",59,17,12,"high quality dofollow backlinks da 50 pa 40 premium pbn network service estimescafe.com rank first page google fast seo link building buy backlinks online cheap","2026-08-24","2026-08-27"
36,"🏆🏆Boost your Google rankings with Premium PBN & Link Building🏆🏆","https://fastlifesite.com/all/991/10.html","https://estimescafe.com/",56,19,12,"high quality dofollow backlinks da 50 pa 40 premium pbn network service estimescafe.com rank first page google fast seo link building buy backlinks online cheap","2026-08-23","2026-08-23"
37,"🏆🏆Boost your Google rankings with Premium PBN & Link Building🏆🏆","https://digitalseotool.com/all/990/13.html","https://estimescafe.com/",54,19,12,"high quality dofollow backlinks da 50 pa 40 premium pbn network service estimescafe.com rank first page google fast seo link building buy backlinks online cheap","2026-07-14","2026-07-14"
38,"🏆🏆Boost your Google rankings with Premium PBN & Link Building🏆🏆","https://archive-hu.com/all/991/10.html","https://estimescafe.com/",56,20,11,"high quality dofollow backlinks da 50 pa 40 premium pbn network service estimescafe.com rank first page google fast seo link building buy backlinks online cheap","2026-08-19","2026-08-19"
39,"🏆🏆Boost your Google rankings with Premium PBN & Link Building🏆🏆","https://themicrodigits.com/all/991/10.html","https://estimescafe.com/",55,18,11,"high quality dofollow backlinks da 50 pa 40 premium pbn network service estimescafe.com rank first page google fast seo link building buy backlinks online cheap","2026-08-19","2026-08-19"
40,"-","https://www.mediaboooster.com/all/991/10.html","https://estimescafe.com/",54,19,11,"high quality dofollow backlinks da 50 pa 40 premium pbn network service estimescafe.com rank first page google fast seo link building buy backlinks online cheap","2026-09-25","2026-09-25"
41,"ESTIME'S CAFE Menu Prices at 238 Inman Ave, Colonia, NJ 07067 - MenuCollectors.Com","https://menucollectors.com/estimes-cafe-07067-menu/","https://www.estimescafe.com/menus-1",20,21,11,"menu – estime’s cafe","2023-01-27","2026-07-26"
42,"Estime's Cafe Menu, Colonia — Dishes & Prices","https://menusweb.com/restaurants/estimes-cafe-menu-colonia-1","https://www.estimescafe.com/",16,16,11,"https://www.estimescafe.com/","2024-11-22","2026-08-14"
43,"🏆🏆Boost your Google rankings with Premium PBN & Link Building🏆🏆","https://canadapsilocybin.com/all/991/10.html","https://estimescafe.com/",56,19,9,"high quality dofollow backlinks da 50 pa 40 premium pbn network service estimescafe.com rank first page google fast seo link building buy backlinks online cheap","2026-08-21","2026-08-24"
44,"🏆🏆Boost your Google rankings with Premium PBN & Link Building🏆🏆","https://www.southfwb.com/all/991/10.html","https://estimescafe.com/",54,23,9,"high quality dofollow backlinks da 50 pa 40 premium pbn network service estimescafe.com rank first page google fast seo link building buy backlinks online cheap","2026-08-20","2026-08-20"
45,"New Duke's Steakhouse in Metuchen may have the best steak in NJ","https://nj1015.com/dukes-steakhouse-metuchen/","https://www.estimescafe.com/",79,41,8,"estimé's cafe","2025-11-05","2026-08-18"
46,"🏆🏆Boost your Google rankings with Premium PBN & Link Building🏆🏆","https://www.kkinsider.com/all/991/10.html","https://estimescafe.com/",54,21,8,"high quality dofollow backlinks da 50 pa 40 premium pbn network service estimescafe.com rank first page google fast seo link building buy backlinks online cheap","2026-09-29","2026-09-29"
47,"In The Age Of Digital Transformation, Drive Your Website’s Success With Intelligent, Results-Oriented Content Marketing Strategies That Leverage The Latest Technologies To Accelerate Growth And Enhance Audience Engagement","https://webs.businessvocal.com/03/KsSxCOVWlm","https://estimescafe.com/",37,21,8,"visit estimescafe.com for latest info","2025-05-12","2026-03-26"
48,"-","https://revan-me.com/bez-rubriki/dark-side-links-dark-white-hat-link-building-72/","https://www.estimescafe.com/",10,18,8,"join our telegram https://t.me/s/darksidelinks","2026-03-23","2026-03-23"
49,"✅ Website Stats 📊","https://metamagic.top/stats/3390","https://estimescafe.com/",9,18,8,"estimescafe.com","2026-07-06","2026-07-09"
50,"✅ Website Stats 📊","https://analyticshaven.top/stats/3390","https://estimescafe.com/",8,18,8,"estimescafe.com","2026-06-14","2026-09-27"
51,"🏆🏆Boost your Google rankings with Premium PBN & Link Building🏆🏆","https://cvillico.com/all/991/10.html","https://estimescafe.com/",63,22,7,"high quality dofollow backlinks da 50 pa 40 premium pbn network service estimescafe.com rank first page google fast seo link building buy backlinks online cheap","2026-09-03","2026-09-06"
52,"🏆🏆Boost your Google rankings with Premium PBN & Link Building🏆🏆","https://mymarketpost.com/all/991/10.html","https://estimescafe.com/",61,21,7,"high quality dofollow backlinks da 50 pa 40 premium pbn network service estimescafe.com rank first page google fast seo link building buy backlinks online cheap","2026-08-14","2026-08-14"
53,"🏆🏆Boost your Google rankings with Premium PBN & Link Building🏆🏆","https://www.bazerdaily.com/all/990/13.html","https://estimescafe.com/",57,19,7,"high quality dofollow backlinks da 50 pa 40 premium pbn network service estimescafe.com rank first page google fast seo link building buy backlinks online cheap","2026-07-13","2026-07-13"
54,"🏆🏆Boost your Google rankings with Premium PBN & Link Building🏆🏆","https://www.fittyfoody.com/all/990/13.html","https://estimescafe.com/",57,19,7,"high quality dofollow backlinks da 50 pa 40 premium pbn network service estimescafe.com rank first page google fast seo link building buy backlinks online cheap","2026-07-27","2026-08-02"
55,"🏆🏆Boost your Google rankings with Premium PBN & Link Building🏆🏆","https://smartstimer.com/all/991/10.html","https://estimescafe.com/",56,23,7,"high quality dofollow backlinks da 50 pa 40 premium pbn network service estimescafe.com rank first page google fast seo link building buy backlinks online cheap","2026-08-24","2026-08-27"
56,"🏆🏆Boost your Google rankings with Premium PBN & Link Building🏆🏆","https://ufabettererm4.com/all/991/10.html","https://estimescafe.com/",56,19,7,"high quality dofollow backlinks da 50 pa 40 premium pbn network service estimescafe.com rank first page google fast seo link building buy backlinks online cheap","2026-08-19","2026-08-19"
57,"🏆🏆Boost your Google rankings with Premium PBN & Link Building🏆🏆","https://onlyhealthydeals.com/all/990/13.html","https://estimescafe.com/",56,18,7,"high quality dofollow backlinks da 50 pa 40 premium pbn network service estimescafe.com rank first page google fast seo link building buy backlinks online cheap","2026-07-10","2026-07-10"
58,"🏆🏆Boost your Google rankings with Premium PBN & Link Building🏆🏆","https://techbumppy.com/all/991/10.html","https://estimescafe.com/",55,20,7,"high quality dofollow backlinks da 50 pa 40 premium pbn network service estimescafe.com rank first page google fast seo link building buy backlinks online cheap","2026-08-24","2026-08-27"
59,"🏆🏆Boost your Google rankings with Premium PBN & Link Building🏆🏆","https://www.digitalchatni.com/all/991/10.html","https://estimescafe.com/",54,20,7,"high quality dofollow backlinks da 50 pa 40 premium pbn network service estimescafe.com rank first page google fast seo link building buy backlinks online cheap","2026-09-24","2026-09-24"
60,"🏆🏆Boost your Google rankings with Premium PBN & Link Building🏆🏆","https://betulcrime.com/all/991/10.html","https://estimescafe.com/",54,20,7,"high quality dofollow backlinks da 50 pa 40 premium pbn network service estimescafe.com rank first page google fast seo link building buy backlinks online cheap","2026-08-21","2026-08-21"
61,"🏆🏆Boost your Google rankings with Premium PBN & Link Building🏆🏆","https://forbesstories.com/all/991/10.html","https://estimescafe.com/",54,19,7,"high quality dofollow backlinks da 50 pa 40 premium pbn network service estimescafe.com rank first page google fast seo link building buy backlinks online cheap","2026-08-19","2026-08-19"
62,"🏆🏆Boost your Google rankings with Premium PBN & Link Building🏆🏆","https://uncledspizza.com/all/991/10.html","https://estimescafe.com/",41,17,7,"high quality dofollow backlinks da 50 pa 40 premium pbn network service estimescafe.com rank first page google fast seo link building buy backlinks online cheap","2026-08-19","2026-08-19"
63,"-","https://localitybiz.com/new-jersey/cafes-with-outdoor-seating-in-new-jersey","https://www.estimescafe.com/",25,22,7,"estimescafe.com","2026-01-18","2026-04-27"
64,"👲 Domain Report 👲","https://bye.fyi/report/3389","https://estimescafe.com/",13,27,7,"estimescafe.com","2026-06-08","2026-06-08"
65,"-","https://creativeposts.top/stats/3389","https://estimescafe.com/",11,18,7,"estimescafe.com","2026-06-24","2026-06-27"
66,"✅ Website Stats 📊","https://optimizeflow.top/stats/3389","https://estimescafe.com/",11,18,7,"estimescafe.com","2026-06-06","2026-09-13"
67,"✅ Website Stats 📊","https://dailymusings.top/stats/3390","https://estimescafe.com/",9,18,7,"estimescafe.com","2025-11-22","2026-09-27"
68,"🏆🏆Boost your Google rankings with Premium PBN & Link Building🏆🏆","https://juaralaundry.com/all/991/10.html","https://estimescafe.com/",58,18,6,"high quality dofollow backlinks da 50 pa 40 premium pbn network service estimescafe.com rank first page google fast seo link building buy backlinks online cheap","2026-08-16","2026-08-16"
69,"🏆🏆Boost your Google rankings with Premium PBN & Link Building🏆🏆","https://blogerreviewers.com/all/991/10.html","https://estimescafe.com/",57,19,6,"high quality dofollow backlinks da 50 pa 40 premium pbn network service estimescafe.com rank first page google fast seo link building buy backlinks online cheap","2026-08-22","2026-08-22"
70,"🏆🏆Boost your Google rankings with Premium PBN & Link Building🏆🏆","https://expresskitchendesigns.com/all/991/10.html","https://estimescafe.com/",57,19,6,"high quality dofollow backlinks da 50 pa 40 premium pbn network service estimescafe.com rank first page google fast seo link building buy backlinks online cheap","2026-08-16","2026-08-16"
71,"🏆🏆Boost your Google rankings with Premium PBN & Link Building🏆🏆","https://theforbestimes.com/all/991/10.html","https://estimescafe.com/",56,22,6,"high quality dofollow backlinks da 50 pa 40 premium pbn network service estimescafe.com rank first page google fast seo link building buy backlinks online cheap","2026-08-20","2026-08-20"
72,"🏆🏆Boost your Google rankings with Premium PBN & Link Building🏆🏆","https://primenewsartical.com/all/991/10.html","https://estimescafe.com/",56,18,6,"high quality dofollow backlinks da 50 pa 40 premium pbn network service estimescafe.com rank first page google fast seo link building buy backlinks online cheap","2026-08-14","2026-08-14"
73,"🏆🏆Boost your Google rankings with Premium PBN & Link Building🏆🏆","https://dupurgeniefr.com/all/991/10.html","https://estimescafe.com/",54,20,6,"high quality dofollow backlinks da 50 pa 40 premium pbn network service estimescafe.com rank first page google fast seo link building buy backlinks online cheap","2026-08-27","2026-08-30"
74,"🏆🏆Boost your Google rankings with Premium PBN & Link Building🏆🏆","https://rjcentinc.com/all/991/10.html","https://estimescafe.com/",54,19,6,"high quality dofollow backlinks da 50 pa 40 premium pbn network service estimescafe.com rank first page google fast seo link building buy backlinks online cheap","2026-08-20","2026-08-20"
75,"🏆🏆Boost your Google rankings with Premium PBN & Link Building🏆🏆","https://fashionclothingnews.com/all/991/10.html","https://estimescafe.com/",53,18,6,"high quality dofollow backlinks da 50 pa 40 premium pbn network service estimescafe.com rank first page google fast seo link building buy backlinks online cheap","2026-08-17","2026-08-17"
76,"🏆🏆Boost your Google rankings with Premium PBN & Link Building🏆🏆","https://quotesblom.com/all/991/10.html","https://estimescafe.com/",42,19,6,"high quality dofollow backlinks da 50 pa 40 premium pbn network service estimescafe.com rank first page google fast seo link building buy backlinks online cheap","2026-09-04","2026-09-04"
77,"Top 30 Restaurants in Colonia, NJ | DexKnows.com","https://www.dexknows.com/colonia-nj/restaurants","https://www.estimescafe.com/",57,34,5,"icon external link","2023-12-26","2026-09-07"
78,"🏆🏆Boost your Google rankings with Premium PBN & Link Building🏆🏆","https://marinasone.com/all/991/10.html","https://estimescafe.com/",54,21,5,"high quality dofollow backlinks da 50 pa 40 premium pbn network service estimescafe.com rank first page google fast seo link building buy backlinks online cheap","2026-09-09","2026-09-09"
79,"🏆🏆Boost your Google rankings with Premium PBN & Link Building🏆🏆","https://homesforsaleoldgreenwichct.com/all/991/10.html","https://estimescafe.com/",52,19,5,"high quality dofollow backlinks da 50 pa 40 premium pbn network service estimescafe.com rank first page google fast seo link building buy backlinks online cheap","2026-09-03","2026-09-06"
80,"Karen High, High End Cigars, {Our NJMOMpreneur of the Week} - NJ Mom","https://njmom.com/karen-high-high-end-cigars-our-njmompreneur-of-the-week/","https://www.estimescafe.com/",39,28,5,"estime’s café","2026-08-05","2026-08-05"
81,"Grow Your Website | Backlinks, Guest Posts, Press Releases & More | Boost Organic Traffic, DR, DA, Authority & Rankings - Top Agency 49 - AlgoLinkers - SEO Agency","https://algolinkers.com/grow-your-website-with-our-backlinks-49/","https://estimescafe.com/",12,17,5,"estimescafe.com","2025-06-27","2026-04-13"
82,"-","https://www.sirved.com/restaurant/colonia-new_jersey-usa/estimes-cafe/559801/menus","https://www.estimescafe.com/",44,35,4,"www.estimescafe.com","2021-08-16","2021-11-20"
83,"-","https://dinehere.us/2351462","https://www.estimescafe.com/",40,26,4,"website","2022-11-28","2025-04-17"
84,"👲 Domain Report 👲","https://quero.party/report/3389","https://estimescafe.com/",27,23,4,"estimescafe.com","2026-07-15","2026-07-18"
85,"👲 Domain Report 👲","https://drjack.world/report/3389","https://estimescafe.com/",21,27,4,"estimescafe.com","2026-09-14","2026-09-14"
86,"Where to buy 🚀 aged domains and backlinks 🔥 from www.globalecommerce.org | 6321-1311","https://www.globalecommerce.org/page-a632eda11311e39f09bd95b9fb3183d4.html","https://estimescafe.com/",13,17,4,"estimescafe.com","2026-08-20","2026-08-20"
87,"-","https://egyptiandirectory.com/page-a632eda11311e39f09bd95b9fb3183d4.html","https://estimescafe.com/",10,16,4,"estimescafe.com","2026-03-05","2026-03-05"
88,"Best 30 Restaurants in Colonia, NJ | superpages.com","https://www.superpages.com/colonia-nj/restaurants","https://www.estimescafe.com/",73,42,3,"visit website","2023-05-01","2026-09-16"
89,"Estimes Cafe Menu in Colonia, NJ | Order Delivery & Reviews","https://www.menupix.com/newjersey/restaurants/31787212/Estimes-Cafe-Colonia-NJ","https://www.estimescafe.com/",54,37,3,"estimescafe.com","2019-05-05","2026-09-17"
90,"-","https://foodeist.com/place/estimes-cafe","https://estimescafe.com/",44,24,3,"-","2025-12-26","2025-12-26"
91,"In The Age Of Digital Transformation, Drive Your Website’s Success With Intelligent, Results-Oriented Content Marketing Strategies That Leverage The Latest Technologies To Accelerate Growth And Enhance Audience Engagement","https://webs.thecloudherald.com/03/KsSxCOVWlm","https://estimescafe.com/",36,22,3,"visit estimescafe.com for latest info","2025-02-12","2026-06-29"
92,"Expert SEO Backlink Building Services for Websites Looking to Increase Search Rankings, Build Domain Authority, and Attract More Organic Visitors - Page 67,154","https://gofreebacklinks.com/dir/professional-backlink-building-67154","https://estimescafe.com/",22,23,3,"professional estimescafe.com seo backlinks for stronger website authority","2026-09-25","2026-09-25"
93,"Project Estime's Cafe |  Help With Black Equity - Projects to advance equity for the Black community","https://www.helpwithblackequity.com/projects/419-estime-s-cafe","https://www.estimescafe.com/",4,8,3,"http://www.estimescafe.com/","2021-08-22","2022-05-30"
94,"Estime's Cafe — Colonia, NJ | MyNextCup","https://mynextcup.com/new-jersey/colonia/estimes-cafe","https://estimescafe.com/",2,9,3,"estimescafe.com/","2026-08-23","2026-08-23"
95,"Best 30 Restaurants in Colonia, NJ with Reviews | The Real Yellow Pages®","https://www.yellowpages.com/colonia-nj/restaurants","https://www.estimescafe.com/",85,41,2,"website","2024-12-02","2026-05-25"
96,"🏆🏆Boost your Google rankings with Premium PBN & Link Building🏆🏆","https://firstguestpost.com/all/991/10.html","https://estimescafe.com/",54,21,2,"high quality dofollow backlinks da 50 pa 40 premium pbn network service estimescafe.com rank first page google fast seo link building buy backlinks online cheap","2026-08-19","2026-08-21"
97,"ESTIME'S CAFE, Colonia - Menu, Reviews (307), Photos (68) - Restaurantji","https://www.restaurantji.com/nj/colonia/estime-cafe-/","https://www.estimescafe.com/",51,35,2,"website","2019-12-31","2026-07-12"
98,"Estime's Cafe Email verification & Email checker | NeverBounce","https://www.neverbounce.com/company/estimes-cafe/529675275","https://www.estimescafe.com/",41,30,2,"www.estimescafe.com","2025-02-03","2026-09-14"
99,"Estime's Cafe - Colonia, NJ 07067 - Menu, Reviews, Hours & Contact","https://restaurantjump.com/estimes-cafe-07067/","https://www.estimescafe.com/",29,31,2,"http://www.estimescafe.com/","2024-05-06","2026-09-05"
100,"ESTIME'S CAFE Menu - Colonia, NJ","https://www.roostcafeandbistro.com/estimes-cafe-07067/","https://www.estimescafe.com/contact",29,19,2,"estimescafe.com","2025-11-30","2026-09-20"
101,"🛸 Dark Side Links - Dark/White Hat Link Building Services - Greattraveladvisor.com","https://greattraveladvisor.com/dark-side-links-dark-white-hat-link-building-72/","https://www.estimescafe.com/",16,22,2,"join our telegram https://t.me/s/darksidelinks","2026-02-24","2026-06-13"
102,"Preferred Vendors – Amuse Bouche Events","https://amusebe.com/preferred-vendors/","https://www.estimescafe.com/",9,14,2,"website","2024-04-20","2026-07-07"
103,"Esteme Cafe | Woodbridge Eats","https://woodbridgeeats.com/directories/esteme-cafe/","https://www.estimescafe.com/",5,11,2,"http://www.estimescafe.com/ ","2020-07-26","2021-08-08"
104,"
Estime's Cafe -  Restaurant Reviews - 238 Inman Ave, Colonia, NJ 07067 - EatOkra - Black-owned Business

","https://invulnerable-mandarine-47296.herokuapp.com/businesses/estime-s-cafe","https://estimescafe.com/",1,1,2,"estimescafe.com/","2025-09-27","2026-02-06"
105,"-","https://patch.com/new-jersey/woodbridge/woodbridge-restaurant-now-open-dinner-too","https://www.estimescafe.com/menus-1",91,45,1,"https://www.estimescafe.com/me...","2022-09-20","2022-09-20"
106,"New Duke's Steakhouse in Metuchen may have the best steak in NJ - NewsBreak","https://www.newsbreak.com/94-5-pst-520793/4348243025297-new-duke-s-steakhouse-in-metuchen-may-have-the-best-steak-in-nj","https://www.estimescafe.com/",77,36,1,"estimé’s cafe","2026-03-20","2026-03-20"
107,"🏆🏆Boost your Google rankings with Premium PBN & Link Building🏆🏆","https://www.wioutlet.com/all/991/10.html","https://estimescafe.com/",61,19,1,"high quality dofollow backlinks da 50 pa 40 premium pbn network service estimescafe.com rank first page google fast seo link building buy backlinks online cheap","2026-09-22","2026-09-22"
108,"🏆🏆Boost your Google rankings with Premium PBN & Link Building🏆🏆","https://raiseold.com/all/991/10.html","https://estimescafe.com/",58,20,1,"high quality dofollow backlinks da 50 pa 40 premium pbn network service estimescafe.com rank first page google fast seo link building buy backlinks online cheap","2026-09-27","2026-09-27"
109,"🏆🏆Boost your Google rankings with Premium PBN & Link Building🏆🏆","https://www.bestofthefirstcoast.com/all/991/10.html","https://estimescafe.com/",57,19,1,"high quality dofollow backlinks da 50 pa 40 premium pbn network service estimescafe.com rank first page google fast seo link building buy backlinks online cheap","2026-09-30","2026-09-30"
110,"🏆🏆Boost your Google rankings with Premium PBN & Link Building🏆🏆","https://hotonlinegaming.com/all/991/10.html","https://estimescafe.com/",53,18,1,"high quality dofollow backlinks da 50 pa 40 premium pbn network service estimescafe.com rank first page google fast seo link building buy backlinks online cheap","2026-08-14","2026-08-14"
111,"🏆🏆Boost your Google rankings with Premium PBN & Link Building🏆🏆","https://www.cindylaup.com/all/990/13.html","https://estimescafe.com/",52,23,1,"high quality dofollow backlinks da 50 pa 40 premium pbn network service estimescafe.com rank first page google fast seo link building buy backlinks online cheap","2026-08-16","2026-08-16"
112,"
Estime's Cafe -  Restaurant Reviews - 238 Inman Ave, Colonia, NJ 07067 - EatOkra - Black-owned Business
- Bacardi
","https://bacardi.eatokra.com/businesses/estime-s-cafe","https://estimescafe.com/",51,24,1,"estimescafe.com/","2024-08-30","2026-07-01"
113,"-","https://jerseybites.com/2022/10/haitian-cuisine-at-estimes-cafe-in-colonia/","https://www.estimescafe.com/",47,31,1,"estimescafe.com","2022-10-30","2025-02-18"
114,"-","https://profile.infofree.com/biz/NJ/Colonia/Estime%20Cafe/11140013652348","https://www.estimescafe.com/",37,28,1,"www.estimescafe.com","2021-10-21","2023-11-11"
115,"-","https://www.sitesinformation.com/search/estimes-cafe","https://www.estimescafe.com/",36,28,1,"-","2021-12-21","2021-12-21"
116,"-","https://www.domaininfofree.com/domain-traffic/estimescafe.com","https://estimescafe.com/",33,31,1,"estimescafe.com","2021-08-09","2022-07-22"
117,"🏆🏆Boost your Google rankings with Premium PBN & Link Building🏆🏆","https://www.reisenweg.com/all/991/10.html","https://estimescafe.com/",57,20,"-","high quality dofollow backlinks da 50 pa 40 premium pbn network service estimescafe.com rank first page google fast seo link building buy backlinks online cheap","2026-09-20","2026-09-23"
118,"🏆🏆Boost your Google rankings with Premium PBN & Link Building🏆🏆","https://plrdownloadshub.com/all/991/10.html","https://estimescafe.com/",54,23,"-","high quality dofollow backlinks da 50 pa 40 premium pbn network service estimescafe.com rank first page google fast seo link building buy backlinks online cheap","2026-08-17","2026-08-17"
119,"🏆🏆Boost your Google rankings with Premium PBN & Link Building🏆🏆","https://cgpa2percentag.com/all/991/10.html","https://estimescafe.com/",40,19,"-","high quality dofollow backlinks da 50 pa 40 premium pbn network service estimescafe.com rank first page google fast seo link building buy backlinks online cheap","2026-08-24","2026-08-24"
120,"-","https://www.linksnatcher.art/page-a632eda11311e39f09bd95b9fb3183d4.html","https://estimescafe.com/",12,16,"-","estimescafe.com","2026-06-05","2026-06-05"
121,"ESTIME'S CAFE — FoodLakay","https://foodlakaynj.com/business/estime-s-cafe","https://www.estimescafe.com/",8,14,"-","website","2026-09-09","2026-09-09"
122,"Where to buy 🚀 aged domains and backlinks 🔥 from allwebsitesdirectory.com | 6321-1311","https://allwebsitesdirectory.com/page-a632eda11311e39f09bd95b9fb3183d4.html","https://estimescafe.com/",7,15,"-","estimescafe.com","2026-03-05","2026-09-16"
123,"🏆🏆Boost your Google rankings with Premium PBN & Link Building🏆🏆","https://nivira.shop/all/472/13.html","https://estimescafe.com/",3,8,"-","high quality dofollow backlinks da 50 pa 40 premium pbn network service estimescafe.com rank first page google fast seo link building buy backlinks online cheap","2026-07-05","2026-07-05"
