"source_domain","source_url","reported_target","project_route","recommendation","da","spam_score","anchor_text","first_seen"
"amusebe.com","https://amusebe.com/preferred-vendors/","https://www.estimescafe.com/","/","Protect — user verified as a valid event/vendor relationship","9","2","website","2024-04-20"
"bacardi.eatokra.com","https://bacardi.eatokra.com/businesses/estime-s-cafe","https://estimescafe.com/","/","Protect — relevant Black-owned restaurant directory","51","1","estimescafe.com/","2024-08-30"
"dexknows.com","https://www.dexknows.com/colonia-nj/restaurants","https://www.estimescafe.com/","/","Protect — established local-business citation","57","5","icon external link","2023-12-26"
"dinehere.us","https://dinehere.us/2351462","https://www.estimescafe.com/","/","Protect — restaurant directory/listing","40","4","website","2022-11-28"
"foodlakaynj.com","https://foodlakaynj.com/business/estime-s-cafe","https://www.estimescafe.com/","/","Protect — locally relevant food directory","8","-","website","2026-09-09"
"helpwithblackequity.com","https://www.helpwithblackequity.com/projects/419-estime-s-cafe","https://www.estimescafe.com/","/","Protect — user verified as a valid community project listing","4","3","http://www.estimescafe.com/","2021-08-22"
"jerseybites.com","https://jerseybites.com/2022/10/haitian-cuisine-at-estimes-cafe-in-colonia/","https://www.estimescafe.com/","/","Protect — relevant New Jersey food editorial","47","1","estimescafe.com","2022-10-30"
"localitybiz.com","https://localitybiz.com/new-jersey/cafes-with-outdoor-seating-in-new-jersey","https://www.estimescafe.com/","/","Protect — user verified as a valid local directory listing","25","7","estimescafe.com","2026-01-18"
"menucollectors.com","https://menucollectors.com/estimes-cafe-07067-menu/","https://www.estimescafe.com/menus-1","/menus-1","Protect — menu directory; retain through the 301 redirect","20","11","menu – estime’s cafe","2023-01-27"
"menupix.com","https://www.menupix.com/newjersey/restaurants/31787212/Estimes-Cafe-Colonia-NJ","https://www.estimescafe.com/","/","Protect — restaurant directory/listing","54","3","estimescafe.com","2019-05-05"
"mymenuweb.com","https://mymenuweb.com/us/restaurants/1490411/","https://www.estimescafe.com/","/","Protect — user verified as a valid menu directory listing","33","23","http://www.estimescafe.com/","2024-10-28"
"newsbreak.com","https://www.newsbreak.com/94-5-pst-520793/4348243025297-new-duke-s-steakhouse-in-metuchen-may-have-the-best-steak-in-nj","https://www.estimescafe.com/","/","Protect — established news/distribution listing","77","1","estimé’s cafe","2026-03-20"
"nj1015.com","https://nj1015.com/dukes-steakhouse-metuchen/","https://www.estimescafe.com/","/","Protect — New Jersey media coverage","79","8","estimé's cafe","2025-11-05"
"njmom.com","https://njmom.com/karen-high-high-end-cigars-our-njmompreneur-of-the-week/","https://www.estimescafe.com/","/","Protect — relevant New Jersey editorial mention","39","5","estime’s café","2026-08-05"
"patch.com","https://patch.com/new-jersey/woodbridge/woodbridge-restaurant-now-open-dinner-too","https://www.estimescafe.com/menus-1","/menus-1","Protect — local news coverage; preserve equity through the 301 redirect","91","1","https://www.estimescafe.com/me...","2022-09-20"
"profile.infofree.com","https://profile.infofree.com/biz/NJ/Colonia/Estime%20Cafe/11140013652348","https://www.estimescafe.com/","/","Protect — user verified as a valid business directory listing","37","1","www.estimescafe.com","2021-10-21"
"restaurantji.com","https://www.restaurantji.com/nj/colonia/estime-cafe-/","https://www.estimescafe.com/","/","Protect — restaurant directory/listing","51","2","website","2019-12-31"
"restaurantjump.com","https://restaurantjump.com/estimes-cafe-07067/","https://www.estimescafe.com/","/","Protect — user verified as a valid restaurant directory listing","29","2","http://www.estimescafe.com/","2024-05-06"
"sirved.com","https://www.sirved.com/restaurant/colonia-new_jersey-usa/estimes-cafe/559801/menus","https://www.estimescafe.com/","/","Protect — restaurant directory/listing","44","4","www.estimescafe.com","2021-08-16"
"superpages.com","https://www.superpages.com/colonia-nj/restaurants","https://www.estimescafe.com/","/","Protect — established local-business citation","73","3","visit website","2023-05-01"
"woodbridgeeats.com","https://woodbridgeeats.com/directories/esteme-cafe/","https://www.estimescafe.com/","/","Protect — local restaurant directory","5","2","http://www.estimescafe.com/ ","2020-07-26"
"yellowpages.com","https://www.yellowpages.com/colonia-nj/restaurants","https://www.estimescafe.com/","/","Protect — established local-business citation","85","2","website","2024-12-02"
